"original_imagefilepath","recon_imagefilepath","diff_imagefilepath","original_latents_visualizedfilepath","recon_latents_visualizedfilepath","diff_latents_visualizedfilepath","error_TOT","error_OTO","error_middle","output_loss","dec_inv memory","inf_time","inv_time","seed","prompt","cocercivity_process","cocercivity_inf"
"media/images/5ac29eb2cdf7634ffbb3.png","media/images/4a822b86963a9750b493.png","media/images/b60c997289a0af632e28.png","media/images/5b053f19190201a087d4.png","media/images/0c59c57a633b5da49a72.png","media/images/0c33dd0d661a0e3c4eb6.png","0.706157922744751","2.4413356513419657","0.014816949047501","6.58203125","2.6268301010131836","0.35982322692871094","120.87381482124329","0","young, curly haired, redhead Natalie Portman  as a optimistic!, cheerful, giddy medieval innkeeper in a dark medieval inn. dark shadows, colorful, candle light,  law contrasts, fantasy concept art by Jakub Rozalski, Jan Matejko, and J.Dickenson","0.007762125693261623","0.05901456996798515"
"media/images/3ae137e6c54aa9a48611.png","media/images/3c517ff452bc74db665c.png","media/images/829385fdfa07b3e481ad.png","media/images/5b053f19190201a087d4.png","media/images/c8331a2124634f97ee43.png","media/images/33762b74df2e39d54e4f.png","0.9187147617340088","2.118454310000926","0.031873457263367454","6.9453125","2.6268606185913086","0.10663104057312012","121.4921646118164","0","a mystical tribal goddess adorned with feathers and gemstones and cables and synthesizer parts is surrounded by sacred geometry made from elven architecture, full body, gorgeous, perfect face, powerful, cinematic, beautifully lit, by artgerm, by karol bak, 3 d, trending on artstation, octane render, 8 k","-0.005583981052041054","0.01764836348593235"
"media/images/68eb8442d307ddd88ebf.png","media/images/aab2cf444173b1f66e09.png","media/images/1bfd428fc53eff32f7cc.png","media/images/5b053f19190201a087d4.png","media/images/86ec4756ac7e863dd807.png","media/images/a92ef4db4ea6c11a693a.png","0.7360098361968994","1.838593213081495","0.019744854538587386","6.6875","2.6268911361694336","0.10628032684326172","121.49184036254883","0","molly millions, portrait of a beautiful cyberpunk woman, sunglasses, shoulder long hair, cyberpunk, street samurai, sunset, neuromancer, cyberpunk city background, megacity, gorgeous view, depth, high detail, digital art, painted by greg rutkowski, painted by seb mckinnon, trending on artstation","-0.025910312309861183","-0.04877198114991188"
"media/images/b203790bad4a12a536d5.png","media/images/e8ab134aed4e03ab89ae.png","media/images/97bc08d9fd1fc3b2ba92.png","media/images/5b053f19190201a087d4.png","media/images/56959ba0b6e65019cd39.png","media/images/905da57a7617d28e6b71.png","0.7135629653930664","1.388496827811717","0.01321293981368282","6.94921875","2.6269216537475586","0.10542416572570801","121.48217415809631","0","cyborg sweating water, big drops of sweat, forehead only, by Hajime Sorayama, airbrush art, beautiful face, highly realistic, star flares, trending on artstation, beautiful lighting, sharp, details, hyper-detailed, HD, HDR, 4K, 8K","0.0009030589717440307","0.01074283104389906"
"media/images/364afc2b4d0157a8fbd7.png","media/images/6d187fc41b8d848c41d3.png","media/images/6f765bac6f35ee3ac72f.png","media/images/5b053f19190201a087d4.png","media/images/ed5592725324b4044aa5.png","media/images/443fab1837c3bb145822.png","0.83551025390625","1.1507953435402116","0.043584500123791","6.09375","2.6269521713256836","0.10557031631469727","121.4469268321991","0","Max Headroom in a Perfume advertisement, magical, science fiction, symmetrical face, large eyes, Chanel, Calvin Klein, Burberry, Versace, Gucci, Dior, hyper realistic, digital art, octane render, trending on artstation, artstationHD, artstationHQ, unreal engine, 4k, 8k","-0.015418969094753265","0.016864269971847534"
"media/images/eed73ed51d9ce3c8f53d.png","media/images/1a4668aea24a10310d94.png","media/images/ab3100e093a0bc419253.png","media/images/5b053f19190201a087d4.png","media/images/872107bb004bedb4ef2c.png","media/images/cc16feebef5bab462352.png","0.8010599613189697","2.833245004236302","0.03728975427731831","5.72265625","2.6269826889038086","0.10738062858581543","121.49426937103271","0","american portrait of one retrofuturistic assassin surrounded by advanced brutalist architecture. highly detailed science fiction, rich colors, high contrast, gloomy atmosphere, dark background. trending on artstation an ultrafine hyperdetailed colorfull illustration by tsutomu nihei by emil melmoth, gustave dore, craig mullins, yoji shinkawa, luis royo, zaha hadid, pete morbacher, female, feminine, art deco, new baroque, intricate linework","-0.010091383010149002","-0.0016532029258087277"
"media/images/9e42b23d1042b9df387f.png","media/images/47452a7da51b324fd68a.png","media/images/716eadd4c1d4d22ae4e2.png","media/images/5b053f19190201a087d4.png","media/images/b912cff216cbf1f333c7.png","media/images/56392ebaf1d7deaaac33.png","0.7185211181640625","1.8780579617504052","0.014979716795189228","7.10546875","2.6270132064819336","0.10633158683776855","121.46114492416382","0","titanfall mech standing with its human pilot, dramatic lighting, illustration by greg rutkowski, yoji shinkawa, 4 k, digital art, concept art, trending on artstation","0.004122044891119003","0.040905557572841644"
"media/images/542bfa6c754debaa8a29.png","media/images/d85647bd13e108fab649.png","media/images/cba16cf234183b4e3293.png","media/images/5b053f19190201a087d4.png","media/images/e3faca72392753b5e75d.png","media/images/2f25b6f0203c461496f2.png","0.9028711318969727","1.7575407407466168","0.021392548279238248","7.0390625","2.6270437240600586","0.10466122627258301","121.45764565467834","0","4 k 8 k photorealistic torso headshot portrait of elegant asuka langley in red - white tight fit contact suit reflective ; @ @ evangelion @ @ anime. by james jean, zac retz, pixiv","-0.00031097186729311943","0.0013876045122742653"
"media/images/de3e000199c5ac6675b6.png","media/images/883ec3dfefedaeb3dc86.png","media/images/d288c28c0de66468b1c8.png","media/images/5b053f19190201a087d4.png","media/images/0148c2b729c0da11af37.png","media/images/ff93fc3831ebf4291eaf.png","0.7750532627105713","1.5057796114300097","0.033679263103979874","6.1875","2.6270742416381836","0.10447382926940918","121.4923894405365","0","a zombie dad sitting on the couch and watching tv, tristan eaton, victo ngai, artgerm, rhads, ross draws","-0.002680938458070159","0.11955025047063828"
"media/images/c3f0fdbb929a5afc28bb.png","media/images/ab7326f9b5c1b8fe25d2.png","media/images/c3be3eb1efbac32b7e65.png","media/images/5b053f19190201a087d4.png","media/images/49b195280afd0aadc145.png","media/images/93c102240d8e871958c1.png","0.9365854263305664","2.7670641449638795","0.029488290129260127","6.92578125","2.6271047592163086","0.1051180362701416","120.72605848312378","0","professional concept art symmetrical portrait of a horrendous mechanical predatory fractal! species in a dark room by artgerm and greg rutkowski. an intricate, elegant, highly detailed digital painting, concept art, smooth, sharp focus, illustration, in the style of cam sykes.","-0.007905377075076103","0.021193526685237885"
"media/images/6670b74423bf5805111d.png","media/images/deb30846c24d188211ca.png","media/images/2f9bde5ffa9f283f0a61.png","media/images/5b053f19190201a087d4.png","media/images/0e7a3a94398769da6888.png","media/images/6f0281d0326009d5a84f.png","0.6841745376586914","1.3839554962072047","0.023595099750006187","6.6484375","2.6271352767944336","0.10428833961486816","119.65633893013","0","a powerful energy woman, by alexander fedosav, hyper detailed digital matte painting, concept art, hyperrealism, 1 6 k resolution, cinema 4 d, 8 k resolution, trending on artstation, behance hd, a masterpiece, by stephan martiniere, particles, cel - shaded, power bright neon energy, by david a. hardy,","-0.0025434510316699743","0.06585776060819626"
"media/images/fceacfcf4a34a0f97ac0.png","media/images/d81b226288f7ddd1494a.png","media/images/f1a789be1c658ca165e3.png","media/images/5b053f19190201a087d4.png","media/images/09681cbcd73b2ca682d5.png","media/images/ebeada5a9722faaaa979.png","0.7810831069946289","1.827853751264297","0.02118420435353725","6.4765625","2.6271657943725586","0.10708856582641602","119.66206741333008","0","film still of Monica Bellucci as snow white and red veil, in a forest by a pond with frogs, by artgerm, makoto sinkai, magali villeneuve, Gil Elvgren, Earl Moran,Enoch Bolles, symmetrical,","-0.001187209622003138","0.07385750859975815"
"media/images/5073f0a11e097115865a.png","media/images/77ec5d76d8395a34f17d.png","media/images/f13d3ee1a8859ca60f78.png","media/images/5b053f19190201a087d4.png","media/images/461634f0dcfff83fa9f6.png","media/images/8fe241a6e688c0b34d54.png","0.6705114841461182","2.1770111346335947","0.020963058398170312","6.078125","2.6271963119506836","0.11357426643371582","119.63123226165771","0","red dead redemption 2, cinematic view, epic sky, detailed, concept art, low angle, high detail, warm lighting, volumetric, godrays, vivid, beautiful, trending on artstation, by jordan grimmer, huge scene, grass, art greg rutkowski","0.0041424608789384365","0.05359049141407013"
"media/images/37941a07182df74da29f.png","media/images/b57155eeec33c8186645.png","media/images/f68e96a8ab6198a47f00.png","media/images/5b053f19190201a087d4.png","media/images/7b6750594bd6dd0e92d0.png","media/images/972f2805fbddd661280d.png","0.5869295597076416","1.7081918330263561","0.1509580304954322","5.85546875","2.6272268295288086","0.10307478904724121","119.64947700500488","0","The wizard merlin stands on a mountain fighting a harde of dragons, by Zdzisław Beksiński, trending on artstation, 8k, landscape photo-reality, landscape photo-imagery","-0.12123380601406097","0.007267607841640711"
"media/images/add62cefecc99d063ef4.png","media/images/0b39635f68a01746c7cb.png","media/images/05d0f0a3e95e32109dc6.png","media/images/5b053f19190201a087d4.png","media/images/bf6b4777ef62644c7afb.png","media/images/8a660612d6b45cf698c0.png","0.771618127822876","2.7123003371854075","0.06396051547715327","7.10546875","2.6272573471069336","0.10415363311767578","119.6848976612091","0","a tarot card of an attractive young girl sorceress wearing a black robe with gold embroidery, casting a spell, green glows, painted by artgerm and tom bagshaw, in the style of magic the gathering, intricate, highly detailed digital art","-0.015249679796397686","0.03774700313806534"
"media/images/3f18bc78495142ee8ccf.png","media/images/31919478e707505ec3b6.png","media/images/ff0dbfaf14ff75e0961b.png","media/images/5b053f19190201a087d4.png","media/images/a28bdbe8ed43b89755f8.png","media/images/25016581c34143131ccd.png","0.8133432865142822","1.2218678266960907","0.04910109292201796","5.859375","2.6272878646850586","0.10279417037963867","119.6424241065979","0","full body portrait of white haired girl in spider man suit, super hero, pretty face, very beautiful face, very detailed eyes, webs, highly detailed, digital painting, artstation, concept art smooth, sharp focus, greg rutkowski, artey freytag","-0.014047166332602501","0.017566559836268425"
"media/images/0259b63f524d722800d2.png","media/images/3829fc0ac68b251dfd43.png","media/images/58624c3e0643a9cd6c94.png","media/images/5b053f19190201a087d4.png","media/images/38b07bc25254eedf50ee.png","media/images/524e247a64fdc3482e30.png","0.7802202701568604","1.5135468569769355","0.026230316852494735","6.58203125","2.6273183822631836","0.10267186164855957","119.62648415565491","0","a giant female robot, digital art, 8 k resolution, mech, unreal engine, highly detailed, photorealistic by wlop, greg rutkowski","-0.0270778089761734","0.024055836722254753"
"media/images/e746145e5326419852ba.png","media/images/d82a87ec166039da93eb.png","media/images/4f4c21382d52e5e439a2.png","media/images/5b053f19190201a087d4.png","media/images/57ba3829b6052c1fc4d2.png","media/images/482f5ba9144f4d5f9d1a.png","0.8257200717926025","2.2950633426139273","0.04729230871959237","6.1328125","2.6273488998413086","0.1028745174407959","119.62838625907898","0","official Portrait of a smiling WWI admiral, male, cheerful, happy, detailed face, 20th century, highly detailed, cinematic lighting, digital art painting by greg rutkowski","0.0021597000304609537","0.07791300117969513"
"media/images/3ec32340cab123fcf5c9.png","media/images/398725e91b0970a1b25b.png","media/images/6cbb0801a98780277d2c.png","media/images/5b053f19190201a087d4.png","media/images/a5b1f720d4957e9643e4.png","media/images/5fb5449511db6ca0bec6.png","0.6180047988891602","1.2065484453919864","0.019676804654459385","5.32421875","2.6273794174194336","0.10322904586791992","119.69901871681213","0","glowwave portrait of donald trump from borderlands 3, au naturel, hyper detailed, digital art, trending in artstation, cinematic lighting, studio quality, smooth render, unreal engine 5 rendered, octane rendered, art style by klimt","0.0007557623903267086","0.06295692920684814"
"media/images/542775c76a419e347b5a.png","media/images/37aaca70851d34e487e4.png","media/images/c7436f23bf25fd2dd4d0.png","media/images/5b053f19190201a087d4.png","media/images/5e2845b963457b601a50.png","media/images/f2f543f85facdc05b32a.png","0.7767736911773682","1.5997080280983738","0.03847458398560416","6.3125","2.6274099349975586","0.10375070571899414","119.63279318809509","0","A female elf warrior in a magical bikini posing on a rock in a magical forest, highly detailed and realistic face, beautiful detailed eyes, fantasy art, in the style of Artgerm, illustration, epic, fantasy, intricate, hyper detailed, artstation, concept art, smooth, sharp focus, ray tracing, vibrant","0.017267636954784393","0.17634186148643494"
"media/images/17b9ad80c481654a8367.png","media/images/0bf5b7c7eb02547f803b.png","media/images/6bf866fe820fc54457d8.png","media/images/5b053f19190201a087d4.png","media/images/e387574a0eb25b72e0f5.png","media/images/85fcb2ffd224ec1405fb.png","0.8697748184204102","2.226419409097855","0.019598623426334418","7.8828125","2.6274404525756836","0.10288143157958984","119.63152027130127","0","gal godat in a noir hotel room by artgerm, jeffrey catherine jones, alphonse mucha","-0.0019146763952448964","0.018665870651602745"
"media/images/0df534a19e8d06ff9cc0.png","media/images/b2e8e77489d229c1547a.png","media/images/c0a2db88f718a8e66d06.png","media/images/5b053f19190201a087d4.png","media/images/4863dd5b02bd6b830441.png","media/images/3edc6071526b2870b55b.png","0.6381263732910156","2.876649269663088","0.028668861554499964","5.65234375","2.6274709701538086","0.10338997840881348","119.65486812591553","0","stunningly ominous, steampunk ninja in a skyscraper at night in the rain, smooth, focus, highly detailed, hyper realistic, dramatic lighting, intricate, concept art, skyline, looking down, art by wlop, mars ravelo, greg rutowski, artstation","-0.027413569390773773","0.007949834689497948"
"media/images/58246bb693d17e058a05.png","media/images/f77674cbd4387984aafe.png","media/images/29ce62125ab3af5b311a.png","media/images/5b053f19190201a087d4.png","media/images/75e5229dfec34f6cbd24.png","media/images/3f8808a235b2becc42d2.png","0.9019434452056885","1.7278717450196834","0.04040447557906801","7.16796875","2.6275014877319336","0.1027829647064209","119.6343502998352","0","artwork of a white tiger king with gold crown and blue king suit, concept art, super detailed, 4 k hd, trending on artstation, digital painted, low contrast, made by greg rutkowski and viktoria gavrilenko","-0.023363186046481133","0.002677680691704154"
"media/images/e637b75a760e347e7fad.png","media/images/140f069fe2084ed48f94.png","media/images/e224115701320bbd05da.png","media/images/5b053f19190201a087d4.png","media/images/3ea1da21d35a94aa176f.png","media/images/0802a28dd680c75088b2.png","0.5876779556274414","2.749387251419209","0.032184902059226","5.70703125","2.6275320053100586","0.10425448417663574","119.63393759727478","0","of a dark and muddy landscape with strange cute friendly creatures with big eyes, mouth and round teeth appearing from the mud, in the style of Giger, macro lens, shallow depth of field, highly detailed, digital painting, trending artstation, concept art, illustration, cinematic lighting, vibrant colors, photorealism, epic, octane render","0.004598961677402258","0.0474621057510376"
"media/images/c3f344cdc7123a5b6ffe.png","media/images/dc1ffce57ec5fa161e16.png","media/images/f8d04b0ca55525622042.png","media/images/5b053f19190201a087d4.png","media/images/27a684bd90d11be2faab.png","media/images/30ba4d4f52db728f894e.png","0.9863748550415039","2.27488630754759","0.07229738635241788","6.9765625","2.6275625228881836","0.10354351997375488","119.67534875869751","0","mcbess illustration of a lonely robot seeks friend, intricate complexity, by greg rutkowski, artgerm, ross tran, conrad roset, takato yomamoto, ilya kuvshinov. 4 k, beautiful, cinematic dramatic atmosphere","-0.02192847803235054","-0.01701851189136505"
"media/images/7dc2e5e7ac64f4611263.png","media/images/96136f9cec5193c33e3f.png","media/images/2d1f1a2e4beb608103c6.png","media/images/5b053f19190201a087d4.png","media/images/a04e8d40b6db27b5bda0.png","media/images/fd57eff70313f20f9b34.png","0.8570709228515625","1.8566173121929104","0.03657604110054954","7.4375","2.6275930404663086","0.10324382781982422","119.61134815216064","0","margot robbie, d & d, fantasy, portrait, highly detailed, digital painting, trending on artstation, concept art, sharp focus, illustration, art by artgerm and greg rutkowski and magali villeneuve","-0.2091892659664154","0.06179472804069519"
"media/images/06d2f3f955dcd0d05ac5.png","media/images/091c016ec094a2a1ed0a.png","media/images/79f4c7c812df51e6a883.png","media/images/5b053f19190201a087d4.png","media/images/16f59105de98b98a73c4.png","media/images/e4fdca9536cc2ea82732.png","0.8561670780181885","1.508423837710973","0.023289481214245168","7.234375","2.6276235580444336","0.10207223892211914","119.58603119850159","0","artgerm digital art","-0.011891691945493221","-0.002687299158424139"
"media/images/e13922c9bebbb84d6d55.png","media/images/459012cc83d91fc87277.png","media/images/1d48d039aa415a91c765.png","media/images/5b053f19190201a087d4.png","media/images/7a7f957b8f0976b7e7f0.png","media/images/ac21c48e0c04157b670c.png","0.62261962890625","0.8189713173769023","0.03150570585765298","4.57421875","2.6276540756225586","0.1024775505065918","119.5766909122467","0","highly detailed concept art of a sakura plum tree made with water, overgrowth, Tristan Eaton, Artgerm, Studio Ghibli, Makoto Shinkai","-0.01419457234442234","0.06668075174093246"
"media/images/b7a8cb3ead68635120db.png","media/images/7a6592e4dd1165dce67d.png","media/images/78fbf09a449210642dae.png","media/images/5b053f19190201a087d4.png","media/images/2bdeeb6178e49cde8856.png","media/images/b7f7bd68b482866bb65d.png","0.6585702896118164","1.709601636142801","0.1496322054186033","5.4453125","2.6276845932006836","0.1035304069519043","119.59309840202332","0","brutalist architecture on mars, by zdzislaw beksinski, by dariusz zawadzki, by wayne barlowe, gothic, surrealism, cosmic horror, lovecraftian, cold hue's, warm tone gradient background, concept art, beautiful composition","-0.01735411025583744","0.03471444919705391"
"media/images/cbaa129da20ffacde170.png","media/images/a35cab09eb8b207df045.png","media/images/ab2b73ab05909bfb2c5b.png","media/images/5b053f19190201a087d4.png","media/images/35526b7a48f2e9adf5ca.png","media/images/295e2773e273b80601c3.png","0.7234964370727539","2.372400204155528","0.18835230377966647","5.921875","2.6277151107788086","0.10296988487243652","119.6130211353302","0","oil painting of holocaust LANDSCAPE, diffuse lighting, intricate, highly detailed, lifelike, photorealistic,  illustration, concept art, smooth, sharp focus, art by francis bacon","-0.004388114903122187","0.06182823330163956"
"media/images/0a18c6715c4400bc4128.png","media/images/7ec804763c607af93b9c.png","media/images/5a208aa2a58dd896f29d.png","media/images/5b053f19190201a087d4.png","media/images/6e0b8f640d8d9947b667.png","media/images/f5f20ecb599b9a5f5d65.png","0.8743345737457275","1.5211018710186692","0.021033011812826227","7.5859375","2.6277456283569336","0.10477304458618164","119.64307141304016","0","beautiful portrait of Irina Shayk wearing fantastic Hand-dyed cotton dress,embellished beaded feather decorative fringe knots ,colorful pigtail,subtropical flowers and plants,dramatic lighting,symmetrical face,intricate,elegant,highly detailed,8k,post-processing,digital painting,trending on pinterest, GUCCI,PRADA,concept art, sharp focus, illustration, by artgerm,Tom Bagshaw,Lawrence Alma-Tadema,greg rutkowski,alphonse Mucha","-0.02292243018746376","0.0654531940817833"
"media/images/890f618f4d0299c4410c.png","media/images/89db99ecfcc118e38672.png","media/images/a4ae426fd3e36bd3fa11.png","media/images/5b053f19190201a087d4.png","media/images/3090022dd1f1bcaacb24.png","media/images/eac2353d3522e62bbc7d.png","0.7949533462524414","1.4648833055159407","0.036055900706528164","7.48046875","2.6277761459350586","0.10345625877380371","119.6172423362732","0","a beautiful [[[[[smiling]]]]] little redheaded toddler girl with short loosely curly hair, at the park on a beautiful day, holding a round all-pink stuffed penguin, by Artgerm, Mucha Klimt, Hiroshi Yoshida and Craig Mullins, featured on Artstation, CGSociety, Behance HD, Deviantart","-0.01895330846309662","0.04287310689687729"
"media/images/03fa8accd7e49129bbdf.png","media/images/1a8aef86af4bb5c59703.png","media/images/0ab10e647547362fa942.png","media/images/5b053f19190201a087d4.png","media/images/1680721bf556e777cd49.png","media/images/3ab75f3d0a214388b5b7.png","0.6585702896118164","1.8605099122004187","0.053170176492618834","6.12109375","2.6278066635131836","0.10409307479858398","119.61032247543335","0","“A family hugging each other for the last time as the world is ending, meteors are falling from the sky, everything is on fire, dramatic lighting, digital art, very very very very very very beautiful, 8K, dark lighting, trending on Artstation, award winning”","-0.002754750894382596","-0.0033715616445988417"
"media/images/9cc921844f4526b92d57.png","media/images/3f9bed646ed2bdfb52df.png","media/images/297387ac712f4596e356.png","media/images/5b053f19190201a087d4.png","media/images/e82f386480055a4b282c.png","media/images/16c04bc523cdc2419e59.png","0.6697120666503906","1.1124635862440564","0.047478116343490306","5.90625","2.6278371810913086","0.10344600677490234","119.59490251541138","0","the beautiful crowned embodiment of feminine strength holding her staff of power rests in a lush green field, 8 k resolution digital painting, vibrant colors, by alena aenami, by michael whelan, behance hd, trending on artstation deviantart","-0.03196415305137634","0.03984348848462105"
"media/images/d558d3542cb88b820b46.png","media/images/9911810336a32cf538a3.png","media/images/7d1637f3f16da572ac90.png","media/images/5b053f19190201a087d4.png","media/images/189cd5d1fdf7c41a106b.png","media/images/f26aff54b9740088184d.png","0.9271583557128906","2.9843454589106537","0.06266995233488894","6.15234375","2.6278676986694336","0.10273933410644531","119.62084197998047","0","digital concept art of old wooden cabin in florida swamp, trending on artstation","-0.018313124775886536","0.09824974089860916"
"media/images/6eb0c987bd7e4e70f2c6.png","media/images/f8c34ed09bcdbefd440b.png","media/images/e26d70a27a6700fd98cf.png","media/images/5b053f19190201a087d4.png","media/images/905bec184349615e8f37.png","media/images/3899ec4b3b91e11f2668.png","0.6761207580566406","1.5027707634682395","0.082351114285485","6.76953125","2.6278982162475586","0.1022794246673584","119.61393213272095","0","photo of sailer moon, by greg rutkowski","-0.10816307365894318","0.07989521324634552"
"media/images/5d2be5d2f447541018dd.png","media/images/43698715c96503b20cf1.png","media/images/b160d7b089ffe4d86ef8.png","media/images/5b053f19190201a087d4.png","media/images/1c57b947a16c2595bdaf.png","media/images/23f427cb31eec71d7cf4.png","0.7681906223297119","1.9700603120761042","0.053616404120454","6.22265625","2.6279287338256836","0.10274410247802734","119.62361216545105","0","Post apocalyptic city overgrown abandoned city, highly detailed, art by Range Murata, highly detailed, 3d, octane render, bright colors, digital painting, trending on artstation, sharp focus","-0.10574526339769363","-0.09504099190235138"
"media/images/e172b162b43f5f268d18.png","media/images/2a5b72d011799ddbdfe6.png","media/images/ce08566802a07eebc16b.png","media/images/5b053f19190201a087d4.png","media/images/61f494661217fb16c697.png","media/images/823bee9180782334c2dd.png","0.6793365478515625","1.3234272425081088","0.023990840302541","5.72265625","2.6279592514038086","0.10326242446899414","119.64872097969055","0","A troll with blue skin and a spear posing in a a desert, realistic face, full body, fantasy art, in the style of greg rutkowski, illustration, epic, fantasy, intricate, hyper detailed, artstation, concept art, smooth, sharp focus, ray tracing, vibrant","0.0010404442436993122","0.01729380153119564"
"media/images/f99cb269919b9523f390.png","media/images/b83e5f5cda6482f16c8b.png","media/images/5cf46fa222a09d978718.png","media/images/5b053f19190201a087d4.png","media/images/c663879a786f9642e378.png","media/images/ad58079cd24036bcf1e9.png","0.5876779556274414","2.2880340783037023","0.07565562670820085","6.2578125","2.6279897689819336","0.1026463508605957","119.65984344482422","0","a beautiful painting of a druid in moonkin form casting a spell in a dungeon, world of warcraft concept art","-0.0751969963312149","0.21560640633106232"
"media/images/c3b1bf8e880d85e10132.png","media/images/627f24115732f58bd97e.png","media/images/dc9e2529b699ee4187cb.png","media/images/5b053f19190201a087d4.png","media/images/8b27352134494a92da1f.png","media/images/ee47ca5df1bfc7832dc9.png","0.7226660251617432","1.8866978013341533","0.019075148203097362","6.8203125","2.6280202865600586","0.10415148735046387","119.66736459732056","0","a hyperrealist watercolour character concept art portrait of a group of druids kneeling down in prayer to a tall elegant lovecraftian alien on a misty night in stone henge. a battlecruiser starship is in the background. by rebecca guay, michael kaluta, charles vess and jean moebius giraud","0.0025698025710880756","0.022772476077079773"
"media/images/f06c709a38d54eb182a3.png","media/images/758c347e92a89bee395b.png","media/images/8ab8f925f21664c729b7.png","media/images/5b053f19190201a087d4.png","media/images/a6899e7c702be9ad8b08.png","media/images/906da82ebdd6b6091027.png","0.7486305236816406","2.4016796073202675","0.03872879891500715","6.85546875","2.6280508041381836","0.10243511199951172","119.65600323677063","0","selena quintanilla perez, character portrait, portrait, close up, concept art, intricate details, highly detailed by greg rutkowski, michael whelan and gustave dore","-0.025705916807055473","0.12768231332302094"
"media/images/f3dd6ef2f45467a81e46.png","media/images/b52d160cdac7468d6671.png","media/images/70610b433fecd5371663.png","media/images/5b053f19190201a087d4.png","media/images/73ce5c0af183a25b3316.png","media/images/eef577a8b02bb4f3b1a3.png","0.7613584995269775","2.6524906597969795","0.03286038856574474","6.796875","2.6280813217163086","0.10316061973571777","119.67364168167114","0","dark fantasy, evil magician portrait, dark surrealist , fantasy, intricate, elegant, highly detailed, digital painting, artstation, concept art, smooth, sharp focus, illustration, art by artgerm and greg rutkowski and alphonse mucha","-0.012842757627367973","-0.029093733057379723"
"media/images/25056c396652bcdedb5c.png","media/images/7c00dfea2a7bc815d05b.png","media/images/ae7a1162a2c1abd839ae.png","media/images/5b053f19190201a087d4.png","media/images/25a6f9a8a54ef9800712.png","media/images/991b223f1f45ebdde705.png","0.7301568984985352","1.1617925088274315","0.02621315192743764","6.2890625","2.6281118392944336","0.11002588272094727","119.6487889289856","0","' princess elsa, insanity, demented, morbid, surreal ', beautiful shadowing, 3 d shadowing, reflective surfaces, illustrated completely, 8 k beautifully detailed pencil illustration, extremely hyper - detailed pencil illustration, intricate, epic composition, masterpiece, bold conflicting colors. stunning masterfully illustrated by artgerm, range murata, alphonse mucha, katsuhiro otomo.","-0.015077735297381878","0.05092025548219681"
"media/images/3f57461864a20a573129.png","media/images/cceeb436dc1233990fae.png","media/images/28b70ab774f5ffa16adc.png","media/images/5b053f19190201a087d4.png","media/images/462fff22ac2c2fc12b0c.png","media/images/93914753ffef2dc2e57f.png","0.6777276992797852","1.1148973108258424","0.043482088456129865","6.6015625","2.6281423568725586","0.10381889343261719","119.60540008544922","0","3d infrared octane render concept art by Mo Xiang Tong Xiu, by Igarashi Daisuke, by makoto shinkai, cute beauty cozy portrait anime sad schoolgirls under dark pink and blue tones, mirror room. light rays. deep water bellow. beautiful pretty realistic smile","-0.07333984225988388","-0.09730376303195953"
"media/images/63016f904ae4f128e215.png","media/images/33e8e81d2078aef297b2.png","media/images/756003b17919c7cf9153.png","media/images/5b053f19190201a087d4.png","media/images/098fdd94e38b1f3211bf.png","media/images/0ee17885f4ad4e0fef7f.png","0.9413168430328369","2.2867592213400543","0.052181134995108416","7.9453125","2.6281728744506836","0.1032109260559082","119.62436890602112","0","symmetrical portrait of a 2 5 year old girl, by karol bak, james jean, tom bagshaw, rococo, sharp focus, trending on artstation, cinematic lighting, hyper realism, octane render, 8 k, hyper detailed.","-0.019360296428203583","-0.08057253062725067"
"media/images/b33d3638053f43021937.png","media/images/e34c92567947e6adf552.png","media/images/f605e21822ddaff92f5e.png","media/images/5b053f19190201a087d4.png","media/images/a1cba73f1d447633c85c.png","media/images/640483718d53d74ef490.png","0.7605066299438477","1.6172616344327844","0.033877948510226415","6.4609375","2.6282033920288086","0.1030426025390625","119.61815118789673","0","Messi dunking on Ronaldo in basketball, D&D, fantasy, intricate, elegant, highly detailed, digital painting, artstation, concept art, matte, sharp focus, illustration, art by Artgerm and Greg Rutkowski and Alphonse Mucha","-0.03779417276382446","0.11399705708026886"
"media/images/624fa14c366ec2af76c1.png","media/images/b0f44310aa51b269ff05.png","media/images/56c3a4bf4afc7a735a09.png","media/images/5b053f19190201a087d4.png","media/images/27d6b0b03f5cb9e66417.png","media/images/dd88f12ca648dd8d14bd.png","0.8561670780181885","2.2934377611032324","0.026789748707234586","5.37109375","2.6282339096069336","0.10260939598083496","119.64781832695007","0","Workers struggle against the bourgeoisie, digital art, trending on artstation, cinematic","0.003792621660977602","0.057450246065855026"
"media/images/c4ad0f04558a8b1742f3.png","media/images/65e0f042d5477ac2412c.png","media/images/755eed7b1e5dfb08ba71.png","media/images/5b053f19190201a087d4.png","media/images/edfcf627409ae915e8e8.png","media/images/154c52a278e9a8bf2f62.png","0.9103097915649414","2.1775475561144386","0.05025744159842853","7.67578125","2.6282644271850586","0.10297417640686035","119.60566997528076","0","portrait of logan wolwerine, intricate, elegant, highly detailed, digital painting, artstation, concept art, smooth, sharp focus, illustration, art by artgerm, greg rutkowski, alphonse mucha, uang guangjian, gil elvgren, sachin teng, symmetry!!","-0.03830990567803383","0.019307389855384827"
"media/images/f5b332ae825bdced3482.png","media/images/0ce8102d96730a83ab6e.png","media/images/971d5b30f4bec31b1fe5.png","media/images/5b053f19190201a087d4.png","media/images/35cbe55602953d1f8472.png","media/images/2c64990be7f0ffcfc018.png","1.0675086975097656","1.4227349374564424","0.02913993255306487","5.93359375","2.6282949447631836","0.10260558128356934","119.50870609283447","0","bipedal mech red and white accents volumetric light intricate complex machine detailed concept art sharp focus coherent","0.0018963170005008578","0.014531816355884075"
"media/images/fcea8c55043d4734f41c.png","media/images/cf2f30dd7bc4fc596ad8.png","media/images/33920b47bf334577948f.png","media/images/5b053f19190201a087d4.png","media/images/e69f40d59d5ea988fd43.png","media/images/790910e902f43bad66ce.png","0.5286028385162354","1.2142281148183118","0.026800108350012914","6.59765625","2.6283254623413086","0.10293459892272949","119.58800315856934","0","Cloudscape by Adam Paquette, nebula gasses in the background by Gene Raz Von Edler, fantasy magic angel concept art from deviantart by Donato Giancola, Rendered in Octane, cinematic, Highly Detailed","0.0006261994130909443","0.033312324434518814"
"media/images/e2bbf2ce309dfae4fa50.png","media/images/50a745a65ffb1155ce5e.png","media/images/30980d9ceb9a1f27768d.png","media/images/5b053f19190201a087d4.png","media/images/352e9729f26dc45a4ccd.png","media/images/63d983e3d7078549c03a.png","0.8133432865142822","1.131897363256905","0.020579976880177202","6.5390625","2.6283559799194336","0.10499835014343262","119.59576606750488","0","an extreme close - up of a statue chrome cyborg lycra nymph battling a giant inflatable flamingo pool float, christmas cactus arnold schwarzenegger and monstera plants, fireworks thick smoke, by jeff koons, hajime soryama, boris vallejo, artgerm, greg rutkowski, alphonse mucha","-0.05373271554708481","-0.07919545471668243"
"media/images/375d1b1cb67d545851b6.png","media/images/bed0646606720657afc8.png","media/images/24b6e7657c23ba0242bf.png","media/images/5b053f19190201a087d4.png","media/images/fa59773fbc9c3c6872a7.png","media/images/7c80b654b950dd368cdb.png","0.7630636692047119","1.8887156443253266","0.03885347992918208","6.91796875","2.6283864974975586","0.10287618637084961","119.60381531715393","0","An extremely psychedelic portrait of the Third Eye, surreal, LSD, face, detailed, intricate, elegant, lithe, highly detailed, digital painting, artstation, concept art, smooth, sharp focus, illustration","-0.040133967995643616","0.05156581103801727"
"media/images/013e715064b970c79769.png","media/images/b206d1fdf24b1b9fe2a1.png","media/images/2fb11132794f9d088c99.png","media/images/5b053f19190201a087d4.png","media/images/6db751684690e4a1ae43.png","media/images/c674ee21133123433756.png","0.6649255752563477","2.799012423112674","0.0896117705957549","6.54296875","2.6284170150756836","0.10403132438659668","119.58823537826538","0","realistic scene of biblical Cain and Abel before a stone altar with white smoke ascending in the background, a lamb in the foreground, inspired art by Frazetta + facial symmetry + bright dramatic volumetric lighting, well lit, 8k octane render, intricate, epic composition, golden hour, cinematic studio lighting + masterpiece, trending on artstation, very detailed, masterpiece, stunning","-0.059566792100667953","-0.025070082396268845"
"media/images/0cce0f9207b7f6c961e2.png","media/images/bcdbfd4a90d40b63fa5a.png","media/images/2d84c00e183950eebbf5.png","media/images/5b053f19190201a087d4.png","media/images/4686ebad1bf8f20dfe57.png","media/images/d025d9693c34929dd604.png","0.8195199966430664","1.6647387209082332","0.03701209397376439","7.76171875","2.6284475326538086","0.10316133499145508","119.62126111984253","0","tetrachromia half - machine woman with cute - fine - face, pretty face, multicolored hair, realistic shaded perfect face, extremely fine details, by realistic shaded lighting poster by ilya kuvshinov katsuhiro otomo, magali villeneuve, artgerm, jeremy lipkin and michael garmash and rob rey","-0.014883872121572495","0.056970030069351196"
"media/images/b4bfa076313dc956258d.png","media/images/38f71b02b85b7d8d5898.png","media/images/38d485e93d3b5c66e6ab.png","media/images/5b053f19190201a087d4.png","media/images/ae30788d5294ec1a9806.png","media/images/3a3e4a6bb617b16e62ec.png","0.7690467834472656","1.4549299161054547","0.05643311971499355","6.58203125","2.6284780502319336","0.10362076759338379","119.60464286804199","0","cyclops fighter, white grey blue color palette, male, d & d, fantasy, intricate, elegant, highly detailed, long silver hair, digital painting, artstation, octane render, concept art, matte, sharp focus, illustration, hearthstone, art by artgerm, alphonse mucha johannes voss","-0.03244370222091675","-0.01588374748826027"
"media/images/6cc391e306f10822ad1f.png","media/images/2ec1573567b4c1583442.png","media/images/9a9952b6abd58849c2be.png","media/images/5b053f19190201a087d4.png","media/images/4e22b94b169ce178f52f.png","media/images/2b5a9bb305de03048a04.png","0.7012426853179932","2.6000402122816775","0.033708420663112054","6.01171875","2.6285085678100586","0.10360956192016602","119.61814594268799","0","peaky blinders with the simpsons characters, artstation, vivid colors, wide angle, super highly detailed, professional digital painting, artstation, concept art, smooth, sharp focus, no blur, no dof, extreme illustration, unreal engine 5, photorealism, hd quality, 8 k resolution, cinema 4 d, 3 d, beautiful, cinematic, art by artgerm and greg rutkowski and alphonse mucha and loish and wlop","-0.03707168623805046","-0.1314844787120819"
"media/images/d5d3a247d1ac8ce46010.png","media/images/0aeaea9352928952f129.png","media/images/19caff9011a5095e9e40.png","media/images/5b053f19190201a087d4.png","media/images/5b5b4ad9bed0abf73f9f.png","media/images/c04c77f5de6248272925.png","0.9517679214477539","1.9321282345980713","0.024850131167051235","7.48046875","2.6285390853881836","0.10358524322509766","119.61945462226868","0","portrait of fiamma of the right, anime fantasy illustration by tomoyuki yamasaki, kyoto studio, madhouse, ufotable, comixwave films, trending on artstation","-0.0006856310064904392","0.045863982290029526"
"media/images/1010df23890cd1c31af2.png","media/images/8b031c636d4fc100a975.png","media/images/a54745e12d583f3a5ede.png","media/images/5b053f19190201a087d4.png","media/images/316853a51ed17e6705a9.png","media/images/49161f6cf9c65f5eadde.png","0.7102670669555664","2.187638893988601","0.07315588634157863","6.4375","2.6285696029663086","0.10414814949035645","119.62200474739075","0","many people from all countries, and of all races, languages and peoples. There were so many that no one could count them! They were standing before the throne and the Lamb, dressed in white clothes. In their hands they carried palm branches, digital Art, Greg rutkowski, Trending cinematographic artstation","-0.11167287826538086","0.15905208885669708"
"media/images/d7c7f7b27ce132e0032a.png","media/images/5f98faec844f92c3e114.png","media/images/a5f26b66fe2120e65eb7.png","media/images/5b053f19190201a087d4.png","media/images/e0963c6937cf2173998c.png","media/images/8b32002b7640b4e406c5.png","0.8752479553222656","1.6860288337164764","0.06185031626088475","7.27734375","2.6286001205444336","0.1024324893951416","119.57686400413513","0","portrait of a woman warrior, digital art, character art, by artgerm","-0.04979991540312767","-0.18040718138217926"
"media/images/cef84293e03802c79795.png","media/images/d869f8e2f735d0b6e98c.png","media/images/9c030d14efb71b68d6cc.png","media/images/5b053f19190201a087d4.png","media/images/89cac4415d6909b01d5d.png","media/images/2245b1d766dfd41e6e93.png","0.6538238525390625","1.2828751541131225","0.05025957920648621","6.265625","2.6286306381225586","0.1032559871673584","119.5943386554718","0","ryan church jon mccoy concept art mood painting man wearing grey hazmat suit gp - 5 gas mask sitting against concreate wall snow covered field watching the beautiful winter sunrise burning ruins in background forest","-0.23025697469711304","0.03989158943295479"
"media/images/bbdff22deb5194ff3d35.png","media/images/233b9c4a2df250f2656d.png","media/images/3e981be8b9c68e8b26c3.png","media/images/5b053f19190201a087d4.png","media/images/fec020c46e7ecfbab29d.png","media/images/b59904e489deeaed450c.png","0.9413168430328369","2.0849200562073293","0.07049940546967895","5.93359375","2.6286611557006836","0.10484838485717773","119.59436845779419","0","Twin Peaks poster artwork, portrait of Channing Tatum the local pastry chef, flirting with Emma Watson nun sitting in the diner, from scene from Twin Peaks by Michael Whelan, Bob Larkin and Tomer Hanuka, simple illustration, domestic, nostalgic, clean, full of details, by Makoto Shinkai and thomas kinkade, Matte painting, trending on artstation and unreal engine, New Yorker magazine cover","-0.031020769849419594","-0.010016818530857563"
"media/images/5af2649976a4d3abb1fa.png","media/images/a2efdc2d67ad3c84ef31.png","media/images/246227ffd7bf77947bbc.png","media/images/5b053f19190201a087d4.png","media/images/bb771f68bac57ec35269.png","media/images/95fa83a05b6844e5d84c.png","0.9056570529937744","1.7522063650721147","0.03836976795246142","6.8828125","2.6286916732788086","0.1036834716796875","119.58725070953369","0","a portrait of jim halpert, fantasy, sharp focus, intricate, elegant, digital painting, artstation, matte, highly detailed, concept art, illustration, ambient lighting, art by ilya kuvshinov, artgerm, alphonse mucha, and greg rutkowski","0.0018675418104976416","0.03741350397467613"
"media/images/366680ee535175b12f2b.png","media/images/eb0617e87240aa377397.png","media/images/26fb5325386938199e71.png","media/images/5b053f19190201a087d4.png","media/images/c143c9e96ae9da992437.png","media/images/a886a1da2ca9a34db211.png","0.872509241104126","1.6197129187135701","0.0483740238834679","6.65234375","2.6287221908569336","0.10333585739135742","119.60392904281616","0","digital masterpiece illustration concept art of sideview waist up portrait of porcelain statue of cthulhu as elon musk!!!!, extremely detailed and intricate complexity, epic composition, magical atmosphere, cinematic lighting, wide long shot, trending on artstation, 8 k","-0.013418379239737988","0.06993556767702103"
"media/images/fa26dd1fa0e6987f0313.png","media/images/5c8bbf35f7aedb4ff929.png","media/images/062dfab1f7777c705119.png","media/images/5b053f19190201a087d4.png","media/images/723f3e0d7260eb7f103b.png","media/images/8686fdb26b0a05f8e1b5.png","0.6111147403717041","2.0111076234783107","0.01477116591739959","6.43359375","2.6287527084350586","0.10434746742248535","119.63550209999084","0","the most amazing dream you ever had about singularity transhumance portal, mass effect, dark souls, halo, doom eternal, hyper realistic, concept art, high key lighting, intricate, hyper detailed, smooth, high contrast, neon, volumetric lighting, octane, raytrace, greg rutkowski, huifeng huang, artgerm, beeple, jim lee,","-0.0051637315191328526","0.03410264104604721"
"media/images/9469a5d5ebf1eb2afc97.png","media/images/3ab853ee1843caa51873.png","media/images/f1304f36bdc91888a7d5.png","media/images/5b053f19190201a087d4.png","media/images/d0d0311be8e5699fdd4d.png","media/images/77903f58c957d83e031d.png","0.8266077041625977","2.16481875308247","0.06342993143114826","6.765625","2.6287832260131836","0.10288548469543457","119.63086295127869","0","painting of hybrid between cat!! & eagle, intercrossed animal, mixture animal, by tiffany bozic, by zdzislaw beksinski, organic, nature study, accurate anatomy, cold hue's, warm tone gradient background, concept art, beautiful composition, digital painting,","-0.007852309383451939","0.07085618376731873"
"media/images/1bf62b85fb7c299fa4ad.png","media/images/29dfe0ab6518e25c4e2f.png","media/images/225a89fc762956e072fe.png","media/images/5b053f19190201a087d4.png","media/images/edab88205fca3213fccf.png","media/images/3637a3201c86551b480f.png","1.0434303283691406","0.9268511284675977","0.0700522802457467","5.51171875","2.6288137435913086","0.1024785041809082","119.52631878852844","0","bonsai acacia! tree but minimalistic concept art by frank stella gilleard james whalen tom, colorful, soft light, trending on artstation, minimalism","-0.03459154814481735","0.0179300494492054"
"media/images/ceac5ed3cadc29f4b37c.png","media/images/e1a44faf9fd8befb431d.png","media/images/716a0c4b9093bacddc59.png","media/images/5b053f19190201a087d4.png","media/images/83cfc62053fe7ae9115b.png","media/images/8ad48a48f5f65bd6b717.png","0.89361572265625","1.3500789219808058","0.05252252544093675","6.703125","2.6288442611694336","0.10341811180114746","119.63372302055359","0","a vibrant dream of a beautiful girl wearing a gucci kimono from behind on a hotel balcony looking out over a dreamy street in jiufen taiwan, lush plants, glowing paper lanterns, high fashion, magic details, by moebius, edward hopper, james gilleard, and james jean, hd, 8 k, trending on artstation, uhd,","-0.017869295552372932","-0.014542926102876663"
"media/images/967ef22c862044290bea.png","media/images/1aa313e652f23d9e6a4f.png","media/images/dfed39f6f25d058dcc4f.png","media/images/5b053f19190201a087d4.png","media/images/4dec34f207ea6367d530.png","media/images/2ba8f278c6c081703293.png","0.7588043212890625","1.752841301373883","0.049747099478711074","6.57421875","2.6288747787475586","0.10302853584289551","119.58936738967896","0","the cat karakl drinks an energy drink, concept art, wlop, digital painting, trending on artstation, highly detailed, epic composition, official media, 8 k uhd","0.004119051620364189","0.03543132543563843"
"media/images/3a850895b14e84048a7c.png","media/images/a04133ddae2e7f074e6a.png","media/images/16b051a7087f678dc7c8.png","media/images/5b053f19190201a087d4.png","media/images/39c9d93e6f2cd557000b.png","media/images/bfd78806c084e2a70b37.png","0.7368478775024414","1.353684571426123","0.03716674650126415","6.4453125","2.6289052963256836","0.10330700874328613","119.56365513801575","0","in a rainy girl sitting on a stair where there is an arched self above, many green plant and flower gowing on it, illustration concept art anime key visual trending pixiv fanbox by wlop and greg rutkowski and makoto shinkai and studio ghibli","0.006967146415263414","0.10954666882753372"
"media/images/c28554acdc1620d71993.png","media/images/04732cdd7b6d8690150c.png","media/images/4df029231a21c07a6857.png","media/images/5b053f19190201a087d4.png","media/images/dcafd6082ce5ca5aa476.png","media/images/96cf3429b4dad82c05ce.png","0.765625","1.747837785912311","0.02502373832260435","7.0625","2.6289358139038086","0.10450148582458496","119.56469559669495","0","realistic portrait of a dehydrated lovecraft humanoid spider husk with a female face, wearing white silk, still from a movie by Terrence Malick, Tarkovsky, Gaspar Noe, James Cameron, intricate artwork by Tooth Wu and wlop and beeple, greg rutkowski, very coherent symmetrical artwork, cinematic, hyper realism, high detail, octane render, rim light, unreal engine, 8k, Vibrant colors, Smooth gradients, High contrast, depth of field","-0.04782725125551224","0.024979397654533386"
"media/images/07b2e8b9123888f11130.png","media/images/fed9228370075088407a.png","media/images/4aadcebe7f7dad9dd015.png","media/images/5b053f19190201a087d4.png","media/images/4023a838d267d787024a.png","media/images/2090db188e9ed037ea05.png","0.7845392227172852","3.036725282772086","0.032258438181284994","6.5859375","2.6289663314819336","0.10338687896728516","119.60114240646362","0","portrait of megan fox as demon, devil, red skin, batwings, hell, intricate, headshot, highly detailed, digital painting, artstation, concept art, sharp focus, cinematic lighting, illustration, art by artgerm and greg rutkowski, alphonse mucha, cgsociety","-0.06496421247720718","0.15384918451309204"
"media/images/0c70ef6acc7a4ab42484.png","media/images/4ff19463410be12e7906.png","media/images/33050003635b8af7de0f.png","media/images/5b053f19190201a087d4.png","media/images/b7ecbb14b92d8e898227.png","media/images/6313a566166dd93de774.png","0.8063127994537354","1.8681635603965834","0.04407168504437768","7.0859375","2.6289968490600586","0.1029062271118164","119.59789276123047","0","5 5 mm portrait photo nicki minaj by charlie bowater and titian and artgerm, intricate, face, highly detailed 8 k, intricate, lifelike, soft light, cinematic lighting, featured on artstation","-0.043123263865709305","-0.035055577754974365"
"media/images/423407c492191769d99d.png","media/images/f72a40721abe9f41bdf7.png","media/images/02410640f63643457db9.png","media/images/5b053f19190201a087d4.png","media/images/a6283accfe0e62823fe5.png","media/images/b1d6afe4ce5354b9e2c1.png","0.9252786636352539","2.395114711238965","0.07704706423010381","7.03515625","2.6290273666381836","0.1031637191772461","119.61193943023682","0","ultra realistic illustration, michael mando from last of us, intricate, elegant, highly detailed, digital painting, artstation, concept art, smooth, sharp focus, illustration, art by artgerm and greg rutkowski and alphonse mucha","-0.02662545070052147","-0.057028383016586304"
"media/images/a8c9c47e944fb7663570.png","media/images/a96fc9dd323ae9974fdf.png","media/images/ce73abc89a70086543b3.png","media/images/5b053f19190201a087d4.png","media/images/b9b22a40e2cc29b49c81.png","media/images/ce64e5ea7d9e16789eeb.png","0.7579538822174072","1.2793016512207442","0.07198977351847163","6.28515625","2.6290578842163086","0.10448217391967773","119.57121419906616","0","unique flooded tower, a high contrast!! minimalist!! ultradetailed photorealistic painting by magritte stalenhag spitzweg and burns, dark shadows, sunny day, full - length view, vibrant colors, great composition, cinematic lighting, award winning masterpiece, trending on artstation, 4 k octane render","-0.03386908769607544","0.02248360402882099"
"media/images/20b5f938ea0123356bed.png","media/images/9b2695c7737559fb0df6.png","media/images/d9691243523af5e3e18e.png","media/images/5b053f19190201a087d4.png","media/images/21c481ed62f22338b3a5.png","media/images/69209b132ac7d0fcd234.png","0.7234964370727539","1.2844919221517415","0.029758684198416062","6.6640625","2.6290884017944336","0.10267472267150879","119.5984218120575","0","colors weave into a spiral of flame, concept art, trending on artstation 3D.","-0.015438307076692581","-0.011415990069508553"
"media/images/3a5f48d78d9a1e3c2c71.png","media/images/83e686ce31376e52a470.png","media/images/7876bf987018dc742cb8.png","media/images/5b053f19190201a087d4.png","media/images/7336391f4c4d51fcfcdf.png","media/images/8d2d5a8f8af53fc1d647.png","0.8319435119628906","1.222269411867464","0.020999959475539804","7.41015625","2.6291189193725586","0.10390424728393555","119.62366676330566","0","Anime as Margot Robbie cute-fine-face, pretty face, surprised realistic shaded Perfect face, fine details. Anime. as Harley Quinn Suicide Squad; classic anime from 1990 nichijou realistic shaded lighting by Ilya Kuvshinov katsuhiro otomo ghost-in-the-shell, magali villeneuve, artgerm, rutkowski, WLOP Jeremy Lipkin and Giuseppe Dangelico Pino and Michael Garmash and Rob Rey","-0.011214855127036572","0.015614084899425507"
"media/images/b178337dc22a73733a2f.png","media/images/edcc58936a9ecad3ad72.png","media/images/bb819d9a149a2ef0012f.png","media/images/5b053f19190201a087d4.png","media/images/3d5a733a7d4aa2919f18.png","media/images/d05ae66e04ef94eacac3.png","0.7673349380493164","1.0633661483192276","0.04076131525662295","5.90625","2.6291494369506836","0.1026296615600586","119.59985089302063","0","a portrait of mario, cyberpunk!, fantasy, elegant, digital painting, artstation, concept art, matte, sharp focus, illustration, art by josan gonzalez","-0.039252933114767075","-0.06624254584312439"
"media/images/f8106d2bb98c6f0dae14.png","media/images/f3deeb1a1cd2d9eb6ead.png","media/images/28e5d5b67e123fb7bc0f.png","media/images/5b053f19190201a087d4.png","media/images/c82475ecf2c8a661128b.png","media/images/c107506bde0765caab4c.png","0.605022668838501","2.122660026464952","0.023592200208478086","5.87890625","2.6291799545288086","0.1034233570098877","119.64238452911377","0","anime theme amusement park, trending on artstation, dramatic lighting, octane render, weta digital, micro details, 3 d sculpture, structure, ray trace, insane details, intricate, elite, ornate, elegant","0.0109563572332263","0.146637961268425"
"media/images/5f9938c78fac93e76c68.png","media/images/78d24a6f8af9eaf5c8d0.png","media/images/5a6faf545f22faca97c7.png","media/images/5b053f19190201a087d4.png","media/images/50eb5a4253bb67277f03.png","media/images/7a2d9234d37d36113399.png","0.6713113784790039","1.8645196125728036","0.03457844091597123","6.0703125","2.6292104721069336","0.10246729850769043","119.62118411064148","0","Angel Vampire, highly detailed, digital painting, artstation, concept art, smooth, sharp focus, illustration, Unreal Engine 5, 8K, art by artgerm and greg rutkowski and alphonse mucha","-0.0137630058452487","-0.031107846647500992"
"media/images/e3471bdcedade40d4098.png","media/images/2e0b9a9fb72e433f4204.png","media/images/a907e04c2e4b2c6a56ef.png","media/images/5b053f19190201a087d4.png","media/images/2055682a4b56b8a2dc0c.png","media/images/41a6e6e5c3c650e51c78.png","0.77935791015625","1.3271443436777264","0.028007006920415224","5.52734375","2.6292409896850586","0.10317707061767578","119.57601809501648","0","beautiful new character for overwatch, full body armor, dual wielding swords, super powers, long red hair, intricate design, shiny, art by artgerm and greg rutkowski","-0.01303921453654766","0.02631455473601818"
"media/images/9fabd859acd93a71fe9d.png","media/images/30e780a07428fb9924f6.png","media/images/b1c8ea7ca3c56e4f0f54.png","media/images/5b053f19190201a087d4.png","media/images/2ca1f0b81c0bae007aff.png","media/images/4e3be837d333e14ca98d.png","0.8364031314849854","1.3139354725466954","0.031200728543420743","5.84375","2.6292715072631836","0.10345077514648438","119.54946827888489","0","cute anime characters in a science and history museum by Goro Fujita and Simon Stalenhag and Banksy and Hieronymous Bosch, 8k, trending on artstation, hyper detailed, cinematic","-0.016235364601016045","-0.038275908678770065"
"media/images/b49ba7048756e8a69e88.png","media/images/784d5c64ab7c44776eaa.png","media/images/6b8618ce2261b0816cd8.png","media/images/5b053f19190201a087d4.png","media/images/8d103db070d49d3b15d7.png","media/images/62bad064b8c7c3c91e7d.png","0.7094442844390869","2.4990572894271477","0.04238754325259515","6.24609375","2.6293020248413086","0.10350465774536133","119.51719093322754","0","portrait, Salma Hayek , Fantasy Queen , wearing a red and gold dress , face portrait, raphael lacoste, eddie mendoza, alex ross, concept art, matte painting, highly detailed, rule of thirds, dynamic lighting, cinematic, detailed, denoised, centred","-0.07353876531124115","0.06928452104330063"
"media/images/3c8c2ffedcfdbecfdfa1.png","media/images/c5381d87ddc62a4cefe0.png","media/images/098da5b74f42e7cbc46c.png","media/images/5b053f19190201a087d4.png","media/images/e5d7de9cf457c0bbfb0a.png","media/images/e26f1035a0447c7b1a81.png","0.6971597671508789","1.3121467614988842","0.0298541736148913","6.859375","2.6293325424194336","0.10339570045471191","119.56631660461426","0","electric woman, cute - fine - face, pretty face, oil slick hair, realistic shaded perfect face, extremely fine details, realistic shaded lighting, dynamic background, artgerm, 8 k ultra realistic, highly detailed, art by sylvain sarrailh, alena aenami, jeremy lipkin, michael garmash, ando tadao, kan liu","-0.028514890000224113","0.05708517134189606"
"media/images/3b0fa19903478024adfd.png","media/images/83a66f7fc86928b95208.png","media/images/2fbe27b3091c11449654.png","media/images/5b053f19190201a087d4.png","media/images/f21d3b27074afca25475.png","media/images/e74a5aff50feaefd9c0c.png","0.6554040908813477","1.5144256631343969","0.015388559525717032","6.76953125","2.6293630599975586","0.10302019119262695","119.58009338378906","0","retro sci-fi rocketship, cinematic, cinematic lightning, concept art, photography composition, f16","-0.0010425555519759655","0.030749835073947906"
"media/images/6b9281850f058cef8380.png","media/images/50479ed8988c31023f95.png","media/images/0f74bfb6494a754a1768.png","media/images/5b053f19190201a087d4.png","media/images/c42a44be2c4def35729e.png","media/images/93b6b2c1b9a8cce94a52.png","1.12890625","2.183415017871207","0.08609721625825753","8.4453125","2.6293935775756836","0.10374855995178223","119.59244990348816","0","a beautiful detailed line art sketch of an attractive female with long black hair covering half of her face, centered, glamour portrait, by karol bak and moebius and beeple, trending on artstation and 5 0 0 px and behance, extreme detailing, realistic, f 8, 4 k hd wallpaper","-0.034185878932476044","-0.07622770220041275"
"media/images/25b2035fad5a6ad48045.png","media/images/97bde0f88c9be8cd71fc.png","media/images/2f722beabe63a8a3560a.png","media/images/5b053f19190201a087d4.png","media/images/42feea32e04c88c42afe.png","media/images/26a1fa1b2b9ed46510d9.png","0.8670446872711182","1.8832670409199432","0.02943681459285748","7.05859375","2.6294240951538086","0.10303521156311035","119.57458972930908","0","asymmetrical!! portrait of a snufkin with angel wings in the style of, demon art, intricate, elegant, highly detailed, digital painting, artstation, biolusence, concept art, smooth, sharp focus, illustration, art by artgerm and greg rutkowski and alphonse mucha, horizon zero dawn 8 k","-0.0065703559666872025","-0.008642635308206081"
"media/images/47c6ff2f7e3a997b08ea.png","media/images/2ad2752f18b923adfe99.png","media/images/69828f9cef59173d0a6c.png","media/images/5b053f19190201a087d4.png","media/images/95f203c129a65fc3891d.png","media/images/33c4f7f692388cf67b6c.png","0.5610361099243164","2.3740266850402376","0.04762522511522847","5.515625","2.6294546127319336","0.10278987884521484","119.56762957572937","0","scene from a rave, celebrating day of the dead, vibrant colours, beautiful, digital art, winning award masterpiece, trending on artstation, painting by otto dix and greg rutkowski, 8 k","-0.16123069822788239","0.181731179356575"
"media/images/9f75818d230707da3acc.png","media/images/c518d5480f626153133b.png","media/images/a0fd694055611588ffac.png","media/images/5b053f19190201a087d4.png","media/images/f8390998ac5528c926fa.png","media/images/ca2c8698faed30c5f8fd.png","0.68984055519104","1.244937198152838","0.032010705086328896","6.7578125","2.6294851303100586","0.10606622695922852","119.51378631591797","0","ï¿½ anime, a pretty girl fighting a giant rabbit with a lightsaber, light and shadow effects, intricate, highly detailed, digital painting, art station, concept art, smooth, sharp focus, illustration, advanced digital anime art, atmospheric lighting, detailed face, by makoto shinkai, stanley artgerm lau, wlop, rossdraws, art by artgerm and greg rutkowski and alphonse mucha and william - adolphe bouguereau, craig mullins, j. c. leyendecker ï¿½","-0.030318420380353928","0.06862062960863113"
"media/images/42cd9f9a9390e504d7d2.png","media/images/58954b6e113887a51260.png","media/images/913cfc7d599d4756f4d9.png","media/images/5b053f19190201a087d4.png","media/images/961a8f73299affc00469.png","media/images/7120010b87fc12903a9a.png","0.5854341983795166","1.1237253613969542","0.02538690565268305","5.89453125","2.6295156478881836","0.10252118110656738","119.52780818939209","0","star wars concept art, scenic environment, cyberpunk style, artwork by anton fadeev","-0.0002200933959102258","0.022342361509799957"
"media/images/9d40e7f22c5920d980d5.png","media/images/fc2e8e24cca0a344391f.png","media/images/629e2a8c582c51976ae0.png","media/images/5b053f19190201a087d4.png","media/images/79de337e47e6fe018a17.png","media/images/2faf0b7d4125577f514b.png","0.7554054260253906","1.5362523588809494","0.01322375611361995","6.3984375","2.6295461654663086","0.10401797294616699","119.5521719455719","0","a portrait of the happy mask salesman, human, ginger hair, art by lois van baarle and loish and ross tran and rossdraws and sam yang and samdoesarts and artgerm and saruei and wlop, digital art, highly detailed, intricate, sharp focus, trending on artstation hq, deviantart, unreal engine 5, 4 k uhd image","-0.013879538513720036","0.03765502944588661"
"media/images/b84594263b1ee79a99bb.png","media/images/541a81449ef6ecd1b53b.png","media/images/a472575c2070c879bf5b.png","media/images/5b053f19190201a087d4.png","media/images/e7acd28b2ab2b9af863f.png","media/images/7c8b04a2bdb73f400a9b.png","0.9574928283691406","2.0855979659853268","0.04821662824311968","7.02734375","2.6295766830444336","0.1033167839050293","119.56035876274109","0","Gwyneth Paltrow as a meditating new age hippie with beads and crystals, portrait, intricate, elegant, highly detailed, digital painting, artstation, concept art, smooth, sharp focus, illustration, art by artgerm and greg rutkowski and alphonse mucha","-0.0028249318711459637","0.01652107760310173"
"media/images/9faa2b716e83e07e204d.png","media/images/da8b7e90b2c49a34daf2.png","media/images/7635ad2db0823c442ebe.png","media/images/5b053f19190201a087d4.png","media/images/3c391273b4ee22a37037.png","media/images/82dfbd7e44efa426b5f0.png","0.8142242431640625","1.300446106498569","0.015710188392824793","7.2890625","2.6296072006225586","0.10317420959472656","119.55978655815125","0","a woman in a blue dress with a tie around her neck, an anime drawing by Jin Homura, featured on pixiv, lyco art, pixiv, anime, deviantart hd","0.002821093425154686","0.005766757298260927"
"media/images/6072b26fbf1744be921a.png","media/images/72e5d52c9228a823e1e2.png","media/images/0962225b34f5699b0822.png","media/images/5b053f19190201a087d4.png","media/images/bd17bd62858a6ad018b3.png","media/images/bc7af595bd53c2b61630.png","0.8715972900390625","2.4935715558131384","0.03725581572106181","7.4296875","2.6296377182006836","0.10371088981628418","119.57587671279907","0","portrait of megan fox, sexy muscular upper body, blood red eyes, vampire, fantasy, intricate, elegant, highly detailed, digital painting, artstation, concept art, matte, sharp focus, illustration, art by aenaluck and roberto ferri and greg rutkowski, epic fantasy, digital painting","-0.03229765594005585","0.00661518145352602"
"media/images/55aa126785b019ec5cf2.png","media/images/ee8208bf8b29c731ce98.png","media/images/bccbeb8589455ddcf34a.png","media/images/5b053f19190201a087d4.png","media/images/ef0eb62be6d00f7e777e.png","media/images/86c79790aab826299c33.png","0.6257057189941406","1.9253953437243387","0.023857179387711733","6.0625","2.6296682357788086","0.10410904884338379","119.60240983963013","0","a highly detailed metahuman 4 k close up render of an alien goddess bella hadid monument renaissance in iris van herpen dress schiaparelli in diamonds crystals swarovski and jewelry iridescent in style of alphonse mucha gustav klimt trending on artstation made in unreal engine 4","-0.0018868842162191868","0.02976086363196373"
"media/images/68e36c6ff16dea99c0fa.png","media/images/024682c3ac6a37b77e00.png","media/images/221714a75072f2a4c81c.png","media/images/5b053f19190201a087d4.png","media/images/319e731f7f9c8f8074a4.png","media/images/fd1808e7aa5a5a8b4e80.png","0.6593630313873291","1.7662470049331929","0.07319619065490711","5.98046875","2.6296987533569336","0.1022346019744873","119.56126260757446","0","Man named Sam Gray, by Cedric Peyravernay, highly detailed, excellent composition, cinematic concept art, dramatic lighting, trending on ArtStation","-0.08179394900798798","0.057461146265268326"
"media/images/e14540e2c752feee819c.png","media/images/98b7fe6507196ced822d.png","media/images/bac93a56b7bbc74ed3ef.png","media/images/5b053f19190201a087d4.png","media/images/321041ce5d0876171488.png","media/images/7b950b5a7a7d287af26c.png","0.8480539321899414","1.3321894586757843","0.021788710496415023","7.234375","2.6297292709350586","0.10217499732971191","119.57024598121643","0","a ultradetailed beautiful portrait panting of a stylish woman sitting on a chair, by conrad roset, greg rutkowski and makoto shinkai, trending on artstation","0.006270337849855423","0.04707381874322891"
"media/images/8db6f590f5813eb579d5.png","media/images/0a46c33c78d5013fa822.png","media/images/d651225281b660b75a93.png","media/images/5b053f19190201a087d4.png","media/images/86523c7d644c8ffaef9b.png","media/images/7a61093f0d77732f2727.png","0.765625","3.4763843995481367","0.02761629321870895","5.8359375","2.6297597885131836","0.10352754592895508","119.60914659500122","0","small medieval village next to a forest, aerial view, deep focus, d & d, fantasy, intricate, elegant, highly detailed, digital painting, artstation, concept art, matte, sharp focus, illustration, hearthstone, art by artgerm and greg rutkowski and laura sava and alphonse mucha","0.002895752899348736","0.13780950009822845"
"media/images/f118ab6db177848e7c42.png","media/images/fdb74ec29a2fdc30f6eb.png","media/images/4104576824efa2262371.png","media/images/5b053f19190201a087d4.png","media/images/5dda976ffaeef1b228e2.png","media/images/27c0b9910c1ae2a4c0af.png","0.8257200717926025","2.124997152300306","0.0853427597525565","7.0859375","2.6297903060913086","0.10500597953796387","119.55838894844055","0","beautiful oil painting of female indiana jones in a treasure hoard by charlie bowater and titian and artgerm, full - body portrait, blush, symmetrical face, bombshell, intricate, face, beige clothes, flowing hair, slim face, freckles, elegant, light gold mist, highly detailed, dramatic lighting, sharp focus, trending on artstation, artstationhd, artstationhq, unreal engine, 4 k, 8 k","0.0010685489978641272","0.03960598260164261"
"media/images/592e3e6814acd516d874.png","media/images/5307bd290d628154d53f.png","media/images/769b10831f88be7dbb2d.png","media/images/5b053f19190201a087d4.png","media/images/b0d005071247cd3bbe2d.png","media/images/80173808e4a33c6be6e4.png","0.6673166751861572","1.9623905793030285","0.022418404418957778","5.6328125","2.6298208236694336","0.10351395606994629","119.57568144798279","0","hard metal rockers riding dinosaurs in the space desert, boris vallejo style, steampunk, hyper detailed, digital art, cinematic lighting, concept art by artgerm and greg rutkowski and caravaggio and moebius and jakub rebelka, 8 k","0.008791301399469376","0.06371045857667923"
"media/images/eb0dc64de1b3f23ed80d.png","media/images/46eb821acd03f00545ce.png","media/images/cbd0a7bc6b55267bb4d0.png","media/images/5b053f19190201a087d4.png","media/images/46cc701c573a9b0caa0a.png","media/images/d5c874e316515147a630.png","0.908447265625","1.3715066426670175","0.07459393199983769","7.54296875","2.6298513412475586","0.1027374267578125","119.55903553962708","0","zoey deutch with white bra portrait | | realistic shaded, unpleasant face, bad looking, fine details, realistic shaded lighting poster by greg rutkowski, magali villeneuve, artgerm, jeremy lipkin and michael garmash and rob rey","0.003868752857670188","0.04278310760855675"